{
  "sample_rate": 16000,
  "duration_sec": 2.0,
  "zcr_mean": 0.06005859375,
  "rms_mean": 0.5681610107421875,
  "pitch_mean": 439.99530029296875,
  "pitch_median": 439.9561767578125,
  "final_train_loss": 0.89,
  "final_val_loss": 1.1,
  "min_val_loss": 1.1,
  "final_wer": 0.14,
  "best_wer": 0.14,
  "best_wer_epoch": 9,
  "avg_per_utterance_wer": 0.14333333333333334,
  "median_per_utterance_wer": 0.18333333333333335,
  "avg_utterance_length_words": 5.4,
  "top_10_character_confusions": [
    " \u2192r: 4 (8.9%)",
    "s\u2192 : 4 (23.5%)",
    "g\u2192 : 4 (26.7%)",
    "e\u2192s: 3 (8.1%)",
    "i\u2192n: 3 (10.3%)",
    "n\u2192g: 3 (11.1%)",
    " \u2192a: 2 (4.4%)",
    "e\u2192 : 2 (5.4%)",
    "e\u2192t: 2 (5.4%)",
    "i\u2192g: 2 (6.9%)"
  ],
  "character_accuracy": 0.7122507122507122,
  "worst_recognized_chars": [
    [
      "g",
      0.4
    ],
    [
      "u",
      0.5714285714285714
    ],
    [
      "m",
      0.5714285714285714
    ],
    [
      "a",
      0.5862068965517241
    ],
    [
      "c",
      0.6363636363636364
    ]
  ],
  "best_recognized_chars": [
    [
      "h",
      1.0
    ],
    [
      "w",
      1.0
    ],
    [
      "f",
      1.0
    ],
    [
      "d",
      0.8
    ],
    [
      "o",
      0.7894736842105263
    ]
  ],
  "word_error_breakdown": {
    "insertions": 0,
    "deletions": 2,
    "substitutions": 9,
    "correct": 43
  },
  "word_accuracy": 0.7962962962962963
}